{
  "family": "smart-flashcards-task",
  "networkMode": "awsvpc",
  "requiresCompatibilities": ["FARGATE"],
  "cpu": "512",
  "memory": "1024",
  "executionRoleArn": "arn:aws:iam::<ACCOUNT_ID>:role/ecsTaskExecutionRole",
  "taskRoleArn": "arn:aws:iam::<ACCOUNT_ID>:role/ecsTaskRole",
  "containerDefinitions": [
    {
      "name": "smart-flashcards",
      "image": "<ECR_REPO_URI>:latest",
      "portMappings": [
        {
          "containerPort": 3000,
          "protocol": "tcp"
        }
      ],
      "essential": true,
      "environment": [
        { "name": "NODE_ENV", "value": "production" }
      ],
      "secrets": [
        { "name": "MONGO_URI", "valueFrom": "arn:aws:secretsmanager:<REGION>:<ACCOUNT_ID>:secret:prod/mongo-uri" },
        { "name": "REDIS_HOST", "valueFrom": "arn:aws:secretsmanager:<REGION>:<ACCOUNT_ID>:secret:prod/redis-host" },
        { "name": "REDIS_PASSWORD", "valueFrom": "arn:aws:secretsmanager:<REGION>:<ACCOUNT_ID>:secret:prod/redis-password" }
      ],
      "logConfiguration": {
        "logDriver": "awslogs",
        "options": {
          "awslogs-group": "/ecs/smart-flashcards",
          "awslogs-region": "<REGION>",
          "awslogs-stream-prefix": "ecs"
        }
      }
    }
  ]
}
